{
  "clip_max": 7,
  "analysis": {
    "episodes": 1000000,
    "max_cycles": 10000,
    "epsilon": 0.1662199060854633,
    "state_mode": "state_tuple",
    "epsilon_start": 1.0,
    "epsilon_min": 0.05,
    "epsilon_decay_steps": 1000,
    "epsilon_decay_type": "exponential",
    "q_table_size": 122,
    "unique_states": 122,
    "total_states_possible": 144,
    "state_coverage": 0.8472222222222222,
    "total_steps": 907516,
    "random_steps": 388804,
    "greedy_steps": 518712,
    "random_action_rate": 0.42842660625267215,
    "mean_episode_length": 1512.5266666666666,
    "mean_episode_return": 5.276933333333155
  },
  "states": {
    "0,0,0,0,0,1": [
      1.0053905248641968,
      1.009879469871521,
      1.005204677581787,
      1.0054115056991577,
      1.0053266286849976
    ],
    "0,0,0,1,0,0": [
      1.0051109790802002,
      1.0046672821044922,
      1.0053930282592773,
      1.00458562374115,
      1.0043129920959473
    ],
    "0,1,0,0,0,1": [
      1.0042736530303955,
      1.0042895078659058,
      1.0037935972213745,
      1.0064969062805176,
      1.0040520429611206
    ],
    "0,1,1,0,0,1": [
      0.8855985403060913,
      0.9743384718894958,
      0.9437381029129028,
      0.8966467976570129,
      0.8089791536331177
    ],
    "0,0,1,0,0,1": [
      1.0000958442687988,
      0.9926707744598389,
      1.0002084970474243,
      1.0000652074813843,
      1.0007328987121582
    ],
    "0,0,1,0,0,0": [
      0.9950094223022461,
      0.9938247203826904,
      0.9944954514503479,
      0.9949607849121094,
      0.9917553663253784
    ],
    "0,1,0,0,0,0": [
      0.9983280897140503,
      1.0061469078063965,
      1.0017192363739014,
      1.0025997161865234,
      1.003525733947754
    ],
    "0,1,1,0,0,0": [
      0.972364068031311,
      0.975689172744751,
      0.9711217284202576,
      0.9420979619026184,
      0.873120129108429
    ],
    "1,1,1,0,0,0": [
      0.8779712915420532,
      0.7201480865478516,
      0.9431990385055542,
      0.8039170503616333,
      0.8731701374053955
    ],
    "1,1,1,1,1,1": [
      0.9387808442115784,
      0.9295313358306885,
      0.9652549028396606,
      0.9051932096481323,
      0.9370251893997192
    ],
    "0,0,0,1,0,1": [
      1.0072389841079712,
      1.0182101726531982,
      1.0069836378097534,
      1.0048673152923584,
      1.0069433450698853
    ],
    "0,1,0,0,0,2": [
      1.0116053819656372,
      1.0156655311584473,
      1.0130293369293213,
      1.007314682006836,
      1.030293583869934
    ],
    "1,0,0,0,0,0": [
      1.0011483430862427,
      1.0010979175567627,
      1.0008294582366943,
      0.9995557069778442,
      0.999437153339386
    ],
    "1,0,1,0,0,0": [
      0.9903101325035095,
      0.8056870698928833,
      0.9960900545120239,
      0.8774093985557556,
      0.989907443523407
    ],
    "1,0,1,1,0,0": [
      0.9395153522491455,
      0.9411569237709045,
      0.9358299374580383,
      0.8801666498184204,
      0.9713426232337952
    ],
    "0,0,0,1,0,2": [
      0.9994146227836609,
      1.0003043413162231,
      1.002367377281189,
      1.000658631324768,
      0.9984234571456909
    ],
    "1,0,0,1,0,1": [
      0.9793187975883484,
      0.9426783323287964,
      0.8698227405548096,
      0.9608312845230103,
      0.9987237453460693
    ],
    "1,0,0,1,0,0": [
      0.9890924692153931,
      0.9722999334335327,
      0.7861716151237488,
      0.9971891641616821,
      0.9897488355636597
    ],
    "1,1,0,0,0,0": [
      0.862921953201294,
      0.7928082942962646,
      0.9655535817146301,
      1.0850387811660767,
      0.9282553195953369
    ],
    "0,1,0,1,0,0": [
      0.9786665439605713,
      0.9838836789131165,
      0.8693879246711731,
      0.9834674596786499,
      0.9883670806884766
    ],
    "0,1,1,1,0,0": [
      0.8562270402908325,
      0.935947597026825,
      0.8467223048210144,
      0.8618010878562927,
      0.7741994261741638
    ],
    "1,1,0,1,0,0": [
      0.9018604755401611,
      0.8508968353271484,
      0.8345898389816284,
      0.8399676084518433,
      0.8543186187744141
    ],
    "0,0,1,0,0,2": [
      0.994383692741394,
      0.9975824952125549,
      0.9936546087265015,
      0.996192455291748,
      0.994218647480011
    ],
    "1,1,0,0,0,2": [
      0.9572179317474365,
      0.6444950699806213,
      1.0360238552093506,
      0.9499034285545349,
      0.8495869636535645
    ],
    "1,0,0,0,0,1": [
      1.0036101341247559,
      1.0036580562591553,
      0.9979419708251953,
      1.0036109685897827,
      1.0025465488433838
    ],
    "0,1,1,0,0,2": [
      0.873170018196106,
      0.967783510684967,
      0.9770697355270386,
      0.9620804786682129,
      0.9366581439971924
    ],
    "0,1,0,1,0,2": [
      0.9409530162811279,
      0.9794698357582092,
      0.9229905009269714,
      0.9664233922958374,
      0.903441846370697
    ],
    "0,0,1,1,0,0": [
      0.9671872854232788,
      0.9841760993003845,
      0.6661648154258728,
      0.7058596014976501,
      0.965574324131012
    ],
    "1,0,0,0,0,2": [
      0.9992157816886902,
      1.0017263889312744,
      1.0009087324142456,
      1.000472903251648,
      0.9993669986724854
    ],
    "1,0,1,1,0,2": [
      0.940925657749176,
      0.911353349685669,
      0.8654767274856567,
      0.811601459980011,
      0.9593976736068726
    ],
    "1,0,0,1,0,2": [
      0.9091359972953796,
      0.9105237722396851,
      0.9180943965911865,
      0.9208134412765503,
      0.9734869003295898
    ],
    "1,1,1,1,0,0": [
      0.8413351774215698,
      0.7293236255645752,
      0.9275063276290894,
      0.8434401750564575,
      0.813194751739502
    ],
    "0,1,0,1,0,1": [
      0.9497262835502625,
      0.9880666732788086,
      0.982791543006897,
      1.0040017366409302,
      0.9789763689041138
    ],
    "1,0,1,0,0,1": [
      0.9837359189987183,
      0.9033396244049072,
      0.9829788208007812,
      0.8635627627372742,
      0.9982989430427551
    ],
    "0,0,1,1,0,2": [
      0.862728476524353,
      0.974545955657959,
      0.826968252658844,
      0.7174001336097717,
      0.9274263381958008
    ],
    "1,1,0,1,0,2": [
      0.9412736892700195,
      0.7078572511672974,
      0.9388960599899292,
      0.9688067436218262,
      0.8803680539131165
    ],
    "1,0,1,1,0,1": [
      0.8294429183006287,
      0.8190363645553589,
      0.778104841709137,
      0.8375158309936523,
      0.9093562364578247
    ],
    "1,1,1,1,0,1": [
      0.9128550887107849,
      0.8597560524940491,
      0.8397268652915955,
      0.9132668972015381,
      0.867805540561676
    ],
    "0,1,1,1,0,1": [
      0.9554579257965088,
      0.9687792658805847,
      0.9128972291946411,
      0.9393143653869629,
      0.9470344185829163
    ],
    "0,1,1,1,0,2": [
      0.8506512641906738,
      0.8252901434898376,
      0.7501853108406067,
      0.8021878600120544,
      0.9249712824821472
    ],
    "1,1,1,0,0,2": [
      0.9536594748497009,
      0.805604875087738,
      1.0671237707138062,
      0.8241627216339111,
      0.8600000739097595
    ],
    "1,0,1,0,0,2": [
      0.8806008100509644,
      0.8564735054969788,
      0.9848777651786804,
      0.9656456112861633,
      0.9966381192207336
    ],
    "1,1,1,0,0,1": [
      0.8206527829170227,
      0.8328444957733154,
      0.8111612200737,
      0.7659137845039368,
      0.8065932393074036
    ],
    "1,1,0,0,0,1": [
      0.9714065790176392,
      0.752420961856842,
      0.982460618019104,
      0.9711968898773193,
      0.850395143032074
    ],
    "0,0,0,1,1,2": [
      1.0026932954788208,
      1.0051605701446533,
      1.001650333404541,
      1.0039732456207275,
      1.000109314918518
    ],
    "0,1,0,0,1,2": [
      1.0009263753890991,
      1.0017085075378418,
      1.0009030103683472,
      0.9965267777442932,
      1.0095505714416504
    ],
    "1,1,0,0,1,2": [
      0.9429769515991211,
      0.9304873943328857,
      0.9485034346580505,
      0.9921036958694458,
      0.9624567627906799
    ],